Metric,Value
Accuracy,0.5882352941176471
Precision,0.5776714513556619
Recall,0.5246031746031746
F1 Score,0.5136123680241327
